"　　毎月勤労統計調査　産業別時系列表（賃金・労働時間・雇用指数、労働異動率及び対前年比（差））　　和歌山県","","","","","","","","","","","","","","","平成22年＝100",""
"時系列名","産業分類","事業所規模","年","年平均","１月","２月","３月","４月","５月","６月","７月","８月","９月","１０月","１１月","１２月"
"所定外労働時間（総数）","TL調査産業計","５人以上","2006.0","119.9","116.8","114.0","116.8","121.0","112.6","114.0","121.0","119.7","121.0","122.5","130.8","128.0"
"所定外労働時間（総数）","TL調査産業計","５人以上","2007.0","125.2","126.1","128.0","131.1","135.4","124.0","124.5","127.5","118.9","121.8","115.8","120.0","129.1"
"所定外労働時間（総数）","TL調査産業計","５人以上","2008.0","118.6","117.1","126.0","134.9","129.0","117.2","116.3","121.3","113.4","111.3","106.9","111.9","117.7"
"所定外労働時間（総数）","TL調査産業計","５人以上","2009.0","99.5","103.3","95.4","102.3","106.4","101.1","106.6","91.9","93.3","89.3","96.2","104.4","103.2"
"所定外労働時間（総数）","TL調査産業計","５人以上","2010.0","100.0","93.8","98.0","102.2","107.6","101.0","101.1","93.1","95.9","102.7","100.1","98.9","105.8"
"所定外労働時間（総数）","TL調査産業計","５人以上","2011.0","107.5","100.4","103.2","100.6","96.7","95.3","102.4","114.9","116.4","113.7","112.4","116.8","116.9"
"所定外労働時間（総数）","TL調査産業計","５人以上","2012.0","113.4","110.7","114.7","118.7","120.0","117.3","112.0","112.0","108.0","109.3","105.3","112.0","121.3"
"所定外労働時間（総数）（前年比）","TL調査産業計","５人以上","2007.0","4.5","8.0","12.3","12.3","12.0","10.2","9.2","5.4","-0.7","0.7","-5.4","-8.2","0.9"
"所定外労働時間（総数）（前年比）","TL調査産業計","５人以上","2008.0","-5.2","-7.1","-1.6","2.8","-4.7","-5.5","-6.6","-4.9","-4.6","-8.6","-7.7","-6.8","-8.9"
"所定外労働時間（総数）（前年比）","TL調査産業計","５人以上","2009.0","-16.1","-11.8","-24.3","-24.2","-17.6","-13.7","-8.3","-24.3","-17.7","-19.7","-10.0","-6.7","-12.3"
"所定外労働時間（総数）（前年比）","TL調査産業計","５人以上","2010.0","0.6","-9.3","2.7","-0.1","1.2","-0.1","-5.1","1.3","2.8","15.0","4.0","-5.3","2.5"
"所定外労働時間（総数）（前年比）","TL調査産業計","５人以上","2011.0","7.5","7.1","5.4","-1.5","-10.2","-5.7","1.3","23.5","21.4","10.7","12.4","18.1","10.5"
"所定外労働時間（総数）（前年比）","TL調査産業計","５人以上","2012.0","5.5","10.3","11.1","18.0","24.1","23.1","9.4","-2.5","-7.2","-3.9","-6.3","-4.1","3.8"
"所定外労働時間（総数）","C鉱業、採石業、砂利採取業","５人以上","2006.0","－","－","－","－","－","－","－","－","－","－","－","－","－"
"所定外労働時間（総数）","C鉱業、採石業、砂利採取業","５人以上","2007.0","－","－","－","－","－","－","－","－","－","－","－","－","－"
"所定外労働時間（総数）","C鉱業、採石業、砂利採取業","５人以上","2008.0","－","－","－","－","－","－","－","－","－","－","－","－","－"
"所定外労働時間（総数）","C鉱業、採石業、砂利採取業","５人以上","2009.0","－","－","－","－","－","－","－","－","－","－","－","－","－"
"所定外労働時間（総数）","C鉱業、採石業、砂利採取業","５人以上","2010.0","－","－","－","－","－","－","－","－","－","－","－","－","－"
"所定外労働時間（総数）","C鉱業、採石業、砂利採取業","５人以上","2011.0","－","－","－","－","－","－","－","－","－","－","－","－","－"
"所定外労働時間（総数）","C鉱業、採石業、砂利採取業","５人以上","2012.0","－","－","－","－","－","－","－","－","－","－","－","－","－"
"所定外労働時間（総数）（前年比）","C鉱業、採石業、砂利採取業","５人以上","2007.0","－","－","－","－","－","－","－","－","－","－","－","－","－"
"所定外労働時間（総数）（前年比）","C鉱業、採石業、砂利採取業","５人以上","2008.0","－","－","－","－","－","－","－","－","－","－","－","－","－"
"所定外労働時間（総数）（前年比）","C鉱業、採石業、砂利採取業","５人以上","2009.0","－","－","－","－","－","－","－","－","－","－","－","－","－"
"所定外労働時間（総数）（前年比）","C鉱業、採石業、砂利採取業","５人以上","2010.0","－","－","－","－","－","－","－","－","－","－","－","－","－"
"所定外労働時間（総数）（前年比）","C鉱業、採石業、砂利採取業","５人以上","2011.0","－","－","－","－","－","－","－","－","－","－","－","－","－"
"所定外労働時間（総数）（前年比）","C鉱業、採石業、砂利採取業","５人以上","2012.0","－","－","－","－","－","－","－","－","－","－","－","－","－"
"所定外労働時間（総数）","D建設業","５人以上","2006.0","112.4","99.8","93.3","138.2","119.1","99.8","119.1","83.5","71.0","141.5","125.7","144.7","112.6"
"所定外労働時間（総数）","D建設業","５人以上","2007.0","107.0","164.0","117.5","142.4","89.4","88.9","93.8","103.1","92.4","109.1","84.7","106.3","91.9"
"所定外労働時間（総数）","D建設業","５人以上","2008.0","96.2","79.3","151.5","181.7","108.9","74.0","74.0","93.8","75.9","86.3","74.5","78.7","75.6"
"所定外労働時間（総数）","D建設業","５人以上","2009.0","72.2","68.6","72.6","97.7","86.6","86.8","75.4","56.3","52.4","68.2","66.6","58.9","76.8"
"所定外労働時間（総数）","D建設業","５人以上","2010.0","100.0","112.2","138.2","107.0","93.3","73.5","79.8","95.9","114.3","94.5","84.7","101.2","105.4"
"所定外労働時間（総数）","D建設業","５人以上","2011.0","155.7","105.6","144.7","116.3","88.0","69.8","84.5","150.6","186.2","232.2","224.5","235.5","229.9"
"所定外労働時間（総数）","D建設業","５人以上","2012.0","253.8","236.5","290.4","296.2","275.0","244.2","226.9","244.2","244.2","230.8","248.1","244.2","265.4"
"所定外労働時間（総数）（前年比）","D建設業","５人以上","2007.0","-4.8","64.3","25.9","3.0","-25.0","-11.0","-21.3","23.4","30.2","-22.9","-32.6","-26.5","-18.4"
"所定外労働時間（総数）（前年比）","D建設業","５人以上","2008.0","-10.2","-51.6","28.9","27.6","21.9","-16.8","-21.1","-9.0","-17.9","-20.9","-12.1","-26.0","-17.7"
"所定外労働時間（総数）（前年比）","D建設業","５人以上","2009.0","-24.9","-13.5","-52.1","-46.2","-20.5","17.3","1.9","-40.0","-31.0","-21.0","-10.6","-25.1","1.5"
"所定外労働時間（総数）（前年比）","D建設業","５人以上","2010.0","38.7","63.4","90.4","9.5","7.8","-15.3","5.9","70.2","118.2","38.6","27.3","71.9","37.3"
"所定外労働時間（総数）（前年比）","D建設業","５人以上","2011.0","55.6","-5.8","4.7","8.7","-5.7","-5.1","5.8","57.0","62.9","145.8","165.1","132.6","118.1"
"所定外労働時間（総数）（前年比）","D建設業","５人以上","2012.0","63.0","124.0","100.7","154.7","212.5","249.9","168.5","62.2","31.1","-0.6","10.5","3.7","15.4"
"所定外労働時間（総数）","E製造業","５人以上","2006.0","108.4","92.8","104.9","98.9","113.6","107.5","108.3","112.6","106.6","109.2","111.8","115.3","119.7"
"所定外労働時間（総数）","E製造業","５人以上","2007.0","114.1","99.4","123.2","125.7","125.0","119.4","117.8","120.9","109.1","106.8","105.3","105.4","111.6"
"所定外労働時間（総数）","E製造業","５人以上","2008.0","108.4","108.6","120.6","122.8","121.2","105.6","109.9","118.6","111.3","94.7","99.0","99.0","89.9"
"所定外労働時間（総数）","E製造業","５人以上","2009.0","76.6","73.1","68.1","61.4","79.3","77.5","93.0","73.2","76.4","76.3","80.2","79.3","81.6"
"所定外労働時間（総数）","E製造業","５人以上","2010.0","100.0","79.8","87.8","86.0","93.9","93.0","100.0","107.8","100.5","109.0","114.5","110.4","117.3"
"所定外労働時間（総数）","E製造業","５人以上","2011.0","104.9","98.1","109.7","108.0","94.4","96.7","115.4","114.4","114.3","100.7","103.0","102.0","102.6"
"所定外労働時間（総数）","E製造業","５人以上","2012.0","101.7","83.6","105.7","103.3","107.4","105.7","100.8","105.7","100.8","101.6","94.3","104.1","107.4"
"所定外労働時間（総数）（前年比）","E製造業","５人以上","2007.0","5.3","7.1","17.5","27.1","10.0","11.1","8.8","7.4","2.3","-2.2","-5.8","-8.6","-6.7"
"所定外労働時間（総数）（前年比）","E製造業","５人以上","2008.0","-5.0","9.3","-2.1","-2.3","-3.0","-11.5","-6.7","-1.9","2.0","-11.3","-6.0","-6.1","-19.5"
"所定外労働時間（総数）（前年比）","E製造業","５人以上","2009.0","-29.3","-32.7","-43.5","-50.0","-34.6","-26.6","-15.4","-38.3","-31.3","-19.5","-18.9","-19.9","-9.2"
"所定外労働時間（総数）（前年比）","E製造業","５人以上","2010.0","30.5","9.2","28.9","40.1","18.4","19.9","7.6","47.2","31.6","42.9","42.7","39.2","43.8"
"所定外労働時間（総数）（前年比）","E製造業","５人以上","2011.0","5.0","23.0","25.0","25.5","0.6","4.0","15.4","6.1","13.7","-7.6","-10.0","-7.6","-12.5"
"所定外労働時間（総数）（前年比）","E製造業","５人以上","2012.0","-3.1","-14.8","-3.6","-4.4","13.8","9.3","-12.7","-7.6","-11.8","0.9","-8.4","2.1","4.7"
"所定外労働時間（総数）","F電気・ガス・熱供給・水道業","５人以上","2006.0","86.8","66.0","79.5","92.3","89.5","83.8","68.2","78.8","82.4","113.6","102.3","96.6","88.9"
"所定外労働時間（総数）","F電気・ガス・熱供給・水道業","５人以上","2007.0","102.4","81.2","80.7","106.0","91.2","88.8","81.9","118.3","130.6","122.3","109.3","114.6","104.2"
"所定外労働時間（総数）","F電気・ガス・熱供給・水道業","５人以上","2008.0","80.4","81.9","85.5","93.2","97.9","66.8","90.2","68.2","76.3","71.8","76.4","79.8","76.4"
"所定外労働時間（総数）","F電気・ガス・熱供給・水道業","５人以上","2009.0","104.4","105.3","106.9","109.1","111.4","97.3","110.7","93.9","84.9","87.7","117.4","127.0","101.3"
"所定外労働時間（総数）","F電気・ガス・熱供給・水道業","５人以上","2010.0","100.0","90.1","91.7","100.1","107.8","100.7","109.8","88.9","85.7","87.2","114.4","115.5","108.2"
"所定外労働時間（総数）","F電気・ガス・熱供給・水道業","５人以上","2011.0","79.2","67.4","66.2","88.1","71.5","66.1","78.9","70.0","65.9","70.3","134.6","90.6","80.9"
"所定外労働時間（総数）","F電気・ガス・熱供給・水道業","５人以上","2012.0","93.2","75.3","74.0","92.2","95.5","92.2","90.9","105.8","99.4","83.1","100.0","112.3","97.4"
"所定外労働時間（総数）（前年比）","F電気・ガス・熱供給・水道業","５人以上","2007.0","17.9","22.9","1.5","14.7","1.9","5.9","20.1","50.1","58.5","7.6","6.8","18.7","17.2"
"所定外労働時間（総数）（前年比）","F電気・ガス・熱供給・水道業","５人以上","2008.0","-21.5","0.8","6.0","-12.0","7.3","-24.7","10.2","-42.4","-41.5","-41.3","-30.1","-30.4","-26.6"
"所定外労働時間（総数）（前年比）","F電気・ガス・熱供給・水道業","５人以上","2009.0","30.0","28.6","25.0","17.1","13.8","45.6","22.7","37.7","11.1","22.2","53.6","59.1","32.5"
"所定外労働時間（総数）（前年比）","F電気・ガス・熱供給・水道業","５人以上","2010.0","-4.2","-14.4","-14.3","-8.3","-3.2","3.5","-0.8","-5.3","1.0","-0.6","-2.5","-9.0","6.8"
"所定外労働時間（総数）（前年比）","F電気・ガス・熱供給・水道業","５人以上","2011.0","-20.8","-25.2","-27.8","-12.0","-33.7","-34.3","-28.1","-21.3","-23.1","-19.4","17.7","-21.5","-25.2"
"所定外労働時間（総数）（前年比）","F電気・ガス・熱供給・水道業","５人以上","2012.0","17.7","11.7","11.8","4.7","33.6","39.5","15.2","51.1","50.8","18.2","-25.7","24.0","20.4"
"所定外労働時間（総数）","G情報通信業","５人以上","2006.0","133.7","135.5","126.6","149.1","153.7","114.6","110.9","119.2","103.6","122.7","115.5","154.6","198.2"
"所定外労働時間（総数）","G情報通信業","５人以上","2007.0","141.5","119.2","123.5","130.5","141.8","112.3","130.2","134.2","107.0","132.6","157.1","161.8","247.4"
"所定外労働時間（総数）","G情報通信業","５人以上","2008.0","164.4","200.8","162.3","180.1","190.2","178.2","157.5","156.2","98.7","120.7","136.6","163.6","228.0"
"所定外労働時間（総数）","G情報通信業","５人以上","2009.0","98.4","106.4","110.9","152.6","126.0","112.0","96.3","80.7","70.6","59.6","79.4","85.6","100.8"
"所定外労働時間（総数）","G情報通信業","５人以上","2010.0","100.0","82.6","95.0","90.4","111.8","85.6","81.0","96.0","122.5","108.0","101.6","107.6","118.0"
"所定外労働時間（総数）","G情報通信業","５人以上","2011.0","96.8","89.6","84.3","96.3","115.3","98.7","86.2","88.7","91.1","82.2","128.0","103.6","97.3"
"所定外労働時間（総数）","G情報通信業","５人以上","2012.0","120.0","81.7","77.1","88.1","88.1","85.3","79.8","158.7","167.0","175.2","155.0","136.7","146.8"
"所定外労働時間（総数）（前年比）","G情報通信業","５人以上","2007.0","5.8","-12.1","-2.5","-12.5","-7.7","-1.9","17.4","12.6","3.3","8.0","36.0","4.7","24.8"
"所定外労働時間（総数）（前年比）","G情報通信業","５人以上","2008.0","16.2","68.5","31.4","38.0","34.2","58.6","21.0","16.4","-7.8","-9.0","-13.1","1.1","-7.9"
"所定外労働時間（総数）（前年比）","G情報通信業","５人以上","2009.0","-40.1","-47.0","-31.7","-15.3","-33.8","-37.1","-38.9","-48.3","-28.5","-50.6","-41.9","-47.7","-55.8"
"所定外労働時間（総数）（前年比）","G情報通信業","５人以上","2010.0","1.7","-22.3","-14.3","-40.8","-11.3","-23.6","-15.9","19.0","73.5","81.3","28.1","25.7","17.1"
"所定外労働時間（総数）（前年比）","G情報通信業","５人以上","2011.0","-3.3","8.5","-11.3","6.6","3.2","15.3","6.4","-7.6","-25.6","-23.9","25.9","-3.7","-17.5"
"所定外労働時間（総数）（前年比）","G情報通信業","５人以上","2012.0","24.0","-8.8","-8.5","-8.5","-23.6","-13.6","-7.4","78.9","83.3","113.1","21.1","31.9","50.9"
"所定外労働時間（総数）","H運輸業、郵便業","５人以上","2006.0","190.6","216.7","173.9","175.3","190.3","147.9","178.9","184.6","200.3","203.9","177.3","220.4","217.4"
"所定外労働時間（総数）","H運輸業、郵便業","５人以上","2007.0","188.3","188.9","209.7","200.1","206.4","200.5","201.2","193.4","180.1","172.7","167.8","161.9","177.0"
"所定外労働時間（総数）","H運輸業、郵便業","５人以上","2008.0","149.9","153.7","160.9","154.5","155.4","150.5","152.3","157.3","154.0","141.4","134.3","134.6","150.2"
"所定外労働時間（総数）","H運輸業、郵便業","５人以上","2009.0","113.3","125.8","107.7","108.7","129.5","100.6","100.1","118.9","112.7","87.3","98.9","125.5","143.8"
"所定外労働時間（総数）","H運輸業、郵便業","５人以上","2010.0","100.0","94.5","94.7","90.4","117.5","96.1","107.8","90.6","94.4","112.9","96.3","105.3","99.6"
"所定外労働時間（総数）","H運輸業、郵便業","５人以上","2011.0","133.7","123.4","146.7","113.6","132.4","99.2","112.9","156.4","137.2","130.0","149.2","147.3","155.7"
"所定外労働時間（総数）","H運輸業、郵便業","５人以上","2012.0","148.7","135.9","126.8","133.8","144.4","138.0","145.8","147.9","150.7","147.9","141.5","172.5","199.3"
"所定外労働時間（総数）（前年比）","H運輸業、郵便業","５人以上","2007.0","-1.2","-12.8","20.6","14.2","8.4","35.5","12.5","4.8","-10.1","-15.3","-5.4","-26.5","-18.6"
"所定外労働時間（総数）（前年比）","H運輸業、郵便業","５人以上","2008.0","-20.5","-18.7","-23.2","-22.8","-24.7","-24.9","-24.3","-18.7","-14.5","-18.1","-20.0","-16.9","-15.1"
"所定外労働時間（総数）（前年比）","H運輸業、郵便業","５人以上","2009.0","-24.5","-18.1","-33.1","-29.6","-16.7","-33.2","-34.3","-24.4","-26.8","-38.3","-26.4","-6.8","-4.3"
"所定外労働時間（総数）（前年比）","H運輸業、郵便業","５人以上","2010.0","-11.6","-24.9","-12.0","-16.9","-9.2","-4.5","7.8","-23.8","-16.3","29.3","-2.6","-16.1","-30.8"
"所定外労働時間（総数）（前年比）","H運輸業、郵便業","５人以上","2011.0","33.5","30.5","54.9","25.6","12.6","3.2","4.6","72.7","45.4","15.2","54.9","39.9","56.4"
"所定外労働時間（総数）（前年比）","H運輸業、郵便業","５人以上","2012.0","11.2","10.1","-13.6","17.8","9.1","39.1","29.1","-5.4","9.8","13.8","-5.2","17.1","28.0"
"所定外労働時間（総数）","I卸売業・小売業","５人以上","2006.0","151.2","136.5","150.2","156.8","156.8","154.7","159.0","156.8","156.8","145.6","163.7","161.4","116.0"
"所定外労働時間（総数）","I卸売業・小売業","５人以上","2007.0","117.0","171.9","116.4","112.1","143.2","119.3","119.0","93.4","104.8","96.7","94.7","111.7","120.9"
"所定外労働時間（総数）","I卸売業・小売業","５人以上","2008.0","129.1","130.3","118.5","127.6","140.7","128.9","124.8","126.3","131.5","136.9","119.7","126.8","137.6"
"所定外労働時間（総数）","I卸売業・小売業","５人以上","2009.0","112.4","152.1","120.5","134.5","138.5","134.6","134.6","87.2","87.2","85.3","87.3","89.4","97.4"
"所定外労働時間（総数）","I卸売業・小売業","５人以上","2010.0","100.0","97.4","95.5","111.5","121.5","117.6","97.7","87.7","93.8","91.8","93.8","85.9","105.9"
"所定外労働時間（総数）","I卸売業・小売業","５人以上","2011.0","90.7","102.0","70.0","80.1","80.1","74.2","76.2","86.1","108.3","98.4","102.4","106.4","104.5"
"所定外労働時間（総数）","I卸売業・小売業","５人以上","2012.0","103.8","111.8","96.1","121.6","119.6","113.7","109.8","102.0","94.1","98.0","90.2","90.2","98.0"
"所定外労働時間（総数）（前年比）","I卸売業・小売業","５人以上","2007.0","-22.6","25.9","-22.5","-28.5","-8.7","-22.8","-25.1","-40.4","-33.2","-33.6","-42.1","-30.8","4.3"
"所定外労働時間（総数）（前年比）","I卸売業・小売業","５人以上","2008.0","10.3","-24.2","1.8","13.9","-1.8","8.0","4.9","35.3","25.5","41.5","26.4","13.6","13.8"
"所定外労働時間（総数）（前年比）","I卸売業・小売業","５人以上","2009.0","-12.9","16.7","1.7","5.4","-1.5","4.5","7.9","-31.0","-33.7","-37.7","-27.0","-29.6","-29.2"
"所定外労働時間（総数）（前年比）","I卸売業・小売業","５人以上","2010.0","-11.1","-36.0","-20.7","-17.1","-12.3","-12.7","-27.4","0.6","7.6","7.6","7.4","-3.9","8.7"
"所定外労働時間（総数）（前年比）","I卸売業・小売業","５人以上","2011.0","-9.3","4.7","-26.7","-28.2","-34.1","-36.9","-22.0","-1.8","15.5","7.2","9.2","23.9","-1.3"
"所定外労働時間（総数）（前年比）","I卸売業・小売業","５人以上","2012.0","14.4","9.6","37.3","51.8","49.3","53.2","44.1","18.5","-13.1","-0.4","-11.9","-15.2","-6.2"
"所定外労働時間（総数）","J金融業・保険業","５人以上","2006.0","85.9","92.4","106.8","104.4","91.2","91.2","90.0","68.5","79.2","86.4","74.4","64.8","81.6"
"所定外労働時間（総数）","J金融業・保険業","５人以上","2007.0","72.9","71.9","69.8","57.1","71.4","72.8","69.5","67.4","72.3","71.5","82.4","87.4","81.8"
"所定外労働時間（総数）","J金融業・保険業","５人以上","2008.0","87.3","77.2","87.1","89.8","107.1","92.8","88.2","81.2","70.3","84.1","98.1","78.3","93.7"
"所定外労働時間（総数）","J金融業・保険業","５人以上","2009.0","117.3","125.2","136.9","121.6","122.7","105.7","111.5","95.3","101.1","110.7","122.9","118.8","135.0"
"所定外労働時間（総数）","J金融業・保険業","５人以上","2010.0","100.0","91.2","128.3","132.0","142.2","130.0","125.7","67.4","73.4","72.5","89.6","73.6","74.2"
"所定外労働時間（総数）","J金融業・保険業","５人以上","2011.0","98.8","104.4","105.2","116.0","109.6","95.8","100.9","92.7","86.1","86.7","100.8","92.4","94.6"
"所定外労働時間（総数）","J金融業・保険業","５人以上","2012.0","108.7","123.3","108.1","116.3","105.8","114.0","109.3","108.1","103.5","94.2","98.8","112.8","110.5"
"所定外労働時間（総数）（前年比）","J金融業・保険業","５人以上","2007.0","-15.1","-22.2","-34.6","-45.3","-21.7","-20.1","-22.8","-1.6","-8.7","-17.3","10.7","35.0","0.2"
"所定外労働時間（総数）（前年比）","J金融業・保険業","５人以上","2008.0","19.8","7.4","24.7","57.2","50.0","27.4","26.9","20.5","-2.8","17.6","19.1","-10.4","14.6"
"所定外労働時間（総数）（前年比）","J金融業・保険業","５人以上","2009.0","34.3","62.1","57.1","35.3","14.6","13.9","26.4","17.4","43.8","31.6","25.3","51.7","44.1"
"所定外労働時間（総数）（前年比）","J金融業・保険業","５人以上","2010.0","-14.7","-27.1","-6.3","8.5","15.9","23.0","12.8","-29.3","-27.4","-34.5","-27.1","-38.1","-45.0"
"所定外労働時間（総数）（前年比）","J金融業・保険業","５人以上","2011.0","-1.3","14.5","-18.0","-12.1","-22.9","-26.3","-19.7","37.5","17.3","19.5","12.5","25.5","27.5"
"所定外労働時間（総数）（前年比）","J金融業・保険業","５人以上","2012.0","10.0","18.1","2.8","0.3","-3.5","19.0","8.3","16.6","20.2","8.7","-2.0","22.1","16.8"
"所定外労働時間（総数）","K不動産業、物品賃貸業","５人以上","2010.0","100.0","102.2","99.3","105.2","105.2","117.9","104.2","92.4","132.7","104.2","81.6","93.4","61.9"
"所定外労働時間（総数）","K不動産業、物品賃貸業","５人以上","2011.0","110.2","72.7","113.0","97.3","80.6","87.5","75.7","149.4","169.0","107.1","128.7","126.8","114.0"
"所定外労働時間（総数）","K不動産業、物品賃貸業","５人以上","2012.0","96.2","125.5","168.6","110.8","96.1","86.3","89.2","62.7","76.5","73.5","76.5","104.9","84.3"
"所定外労働時間（総数）（前年比）","K不動産業、物品賃貸業","５人以上","2010.0","－","－","－","－","－","－","－","－","－","－","－","－","－"
"所定外労働時間（総数）（前年比）","K不動産業、物品賃貸業","５人以上","2011.0","9.8","-28.8","13.9","-7.5","-23.4","-25.8","-27.4","61.7","27.4","2.8","57.8","35.8","84.1"
"所定外労働時間（総数）（前年比）","K不動産業、物品賃貸業","５人以上","2012.0","-12.7","72.6","49.2","13.9","19.2","-1.4","17.8","-58.0","-54.7","-31.4","-40.6","-17.3","-26.1"
"所定外労働時間（総数）","L学術研究、専門･技術サービス業","５人以上","2010.0","100.0","102.5","146.3","167.5","132.5","78.8","92.5","88.8","76.3","52.5","82.5","92.5","87.5"
"所定外労働時間（総数）","L学術研究、専門･技術サービス業","５人以上","2011.0","145.1","95.0","125.0","116.3","186.3","123.8","161.3","148.8","150.0","175.0","173.8","148.8","137.5"
"所定外労働時間（総数）","L学術研究、専門･技術サービス業","５人以上","2012.0","109.5","137.5","151.3","165.0","143.8","163.8","111.3","62.5","70.0","58.8","83.8","81.3","85.0"
"所定外労働時間（総数）（前年比）","L学術研究、専門･技術サービス業","５人以上","2010.0","－","－","－","－","－","－","－","－","－","－","－","－","－"
"所定外労働時間（総数）（前年比）","L学術研究、専門･技術サービス業","５人以上","2011.0","45.0","-7.3","-14.5","-30.6","40.6","57.1","74.3","67.6","96.7","233.3","110.6","60.8","57.1"
"所定外労働時間（総数）（前年比）","L学術研究、専門･技術サービス業","５人以上","2012.0","-24.5","44.7","21.0","41.9","-22.8","32.3","-31.0","-58.0","-53.3","-66.4","-51.8","-45.4","-38.2"
"所定外労働時間（総数）","M宿泊業、飲食サービス業","５人以上","2010.0","100.0","64.4","59.8","73.6","73.6","64.4","59.8","101.1","183.9","96.6","133.3","133.3","156.3"
"所定外労働時間（総数）","M宿泊業、飲食サービス業","５人以上","2011.0","213.8","151.7","114.9","229.9","239.1","206.9","128.7","298.9","331.0","225.3","211.5","206.9","220.7"
"所定外労働時間（総数）","M宿泊業、飲食サービス業","５人以上","2012.0","153.4","181.8","145.5","140.9","159.1","127.3","122.7","163.6","209.1","181.8","104.5","122.7","181.8"
"所定外労働時間（総数）（前年比）","M宿泊業、飲食サービス業","５人以上","2010.0","－","－","－","－","－","－","－","－","－","－","－","－","－"
"所定外労働時間（総数）（前年比）","M宿泊業、飲食サービス業","５人以上","2011.0","113.6","135.7","92.3","212.5","225.0","221.4","115.4","195.5","80.0","133.3","58.6","55.2","41.2"
"所定外労働時間（総数）（前年比）","M宿泊業、飲食サービス業","５人以上","2012.0","-28.3","19.8","26.6","-38.7","-33.5","-38.5","-4.7","-45.3","-36.8","-19.3","-50.6","-40.7","-17.6"
"所定外労働時間（総数）","N生活関連サービス業、娯楽業","５人以上","2010.0","100.0","66.1","87.4","80.3","122.8","139.4","127.6","99.2","106.3","96.9","78.0","92.1","103.9"
"所定外労働時間（総数）","N生活関連サービス業、娯楽業","５人以上","2011.0","170.9","118.1","132.3","115.7","144.1","165.4","174.8","193.7","215.0","226.8","184.3","196.1","184.3"
"所定外労働時間（総数）","N生活関連サービス業、娯楽業","５人以上","2012.0","88.7","104.8","135.7","100.0","90.5","219.0","45.2","50.0","59.5","50.0","52.4","54.8","102.4"
"所定外労働時間（総数）（前年比）","N生活関連サービス業、娯楽業","５人以上","2010.0","－","－","－","－","－","－","－","－","－","－","－","－","－"
"所定外労働時間（総数）（前年比）","N生活関連サービス業、娯楽業","５人以上","2011.0","71.4","78.6","51.4","44.1","17.3","18.6","37.0","95.2","102.2","134.1","136.4","112.8","77.3"
"所定外労働時間（総数）（前年比）","N生活関連サービス業、娯楽業","５人以上","2012.0","-48.1","-11.3","2.6","-13.6","-37.2","32.4","-74.1","-74.2","-72.3","-78.0","-71.6","-72.1","-44.4"
"所定外労働時間（総数）","O教育，学習支援業","５人以上","2006.0","58.0","44.6","40.0","42.3","50.4","50.4","50.4","76.8","59.5","56.1","81.3","83.6","60.7"
"所定外労働時間（総数）","O教育，学習支援業","５人以上","2007.0","99.5","58.9","54.7","74.9","77.7","89.4","72.5","159.5","110.4","163.2","92.9","119.1","120.7"
"所定外労働時間（総数）","O教育，学習支援業","５人以上","2008.0","145.1","80.2","109.8","151.0","126.0","146.1","123.8","157.8","100.1","202.5","188.0","172.7","183.7"
"所定外労働時間（総数）","O教育，学習支援業","５人以上","2009.0","126.5","119.2","121.7","144.1","126.3","144.5","141.6","107.6","104.0","115.5","151.0","123.0","119.2"
"所定外労働時間（総数）","O教育，学習支援業","５人以上","2010.0","100.0","124.3","106.3","142.7","115.2","107.4","127.7","78.8","77.7","97.6","75.5","71.5","75.3"
"所定外労働時間（総数）","O教育，学習支援業","５人以上","2011.0","65.5","69.4","70.2","73.7","41.2","85.4","92.7","70.7","64.5","67.6","20.2","66.0","64.8"
"所定外労働時間（総数）","O教育，学習支援業","５人以上","2012.0","82.0","78.2","89.7","94.9","105.1","101.3","97.4","79.5","39.7","67.9","84.6","76.9","69.2"
"所定外労働時間（総数）（前年比）","O教育，学習支援業","５人以上","2007.0","71.4","32.0","36.6","76.9","54.2","77.5","43.9","107.7","85.4","191.0","14.2","42.5","98.9"
"所定外労働時間（総数）（前年比）","O教育，学習支援業","５人以上","2008.0","45.9","36.0","100.8","101.7","62.2","63.4","70.6","-1.0","-9.3","24.1","102.4","45.0","52.2"
"所定外労働時間（総数）（前年比）","O教育，学習支援業","５人以上","2009.0","-12.9","48.7","10.8","-4.6","0.2","-1.1","14.4","-31.8","3.9","-43.0","-19.7","-28.8","-35.1"
"所定外労働時間（総数）（前年比）","O教育，学習支援業","５人以上","2010.0","-20.9","4.3","-12.7","-0.9","-8.8","-25.7","-9.8","-26.8","-25.2","-15.5","-50.0","-41.8","-36.8"
"所定外労働時間（総数）（前年比）","O教育，学習支援業","５人以上","2011.0","-34.5","-44.1","-33.9","-48.4","-64.3","-20.4","-27.4","-10.3","-17.0","-30.7","-73.2","-7.8","-13.9"
"所定外労働時間（総数）（前年比）","O教育，学習支援業","５人以上","2012.0","25.2","12.7","27.8","28.8","155.1","18.6","5.1","12.4","-38.4","0.4","318.8","16.5","6.8"
"所定外労働時間（総数）","P医療，福祉","５人以上","2006.0","62.2","65.1","57.2","57.2","57.2","60.3","57.2","66.6","61.9","61.9","69.6","65.1","66.6"
"所定外労働時間（総数）","P医療，福祉","５人以上","2007.0","89.0","80.1","85.4","98.6","105.5","89.2","86.6","87.7","85.1","86.3","93.0","86.7","84.1"
"所定外労働時間（総数）","P医療，福祉","５人以上","2008.0","79.9","94.2","100.7","103.3","90.0","82.2","81.5","73.9","69.8","64.1","66.8","69.5","62.3"
"所定外労働時間（総数）","P医療，福祉","５人以上","2009.0","85.8","60.1","51.6","59.5","65.7","67.5","101.8","99.8","104.8","82.5","84.5","160.0","91.3"
"所定外労働時間（総数）","P医療，福祉","５人以上","2010.0","100.0","104.5","90.0","106.3","105.7","116.9","91.8","78.0","86.0","103.9","105.9","91.0","120.1"
"所定外労働時間（総数）","P医療，福祉","５人以上","2011.0","105.8","101.4","96.1","90.4","103.0","108.6","91.3","116.0","110.0","103.8","129.7","111.1","108.7"
"所定外労働時間（総数）","P医療，福祉","５人以上","2012.0","117.0","144.0","122.0","120.0","124.0","120.0","114.0","102.0","114.0","110.0","114.0","106.0","114.0"
"所定外労働時間（総数）（前年比）","P医療，福祉","５人以上","2007.0","43.2","23.1","49.2","72.2","84.4","47.9","51.2","31.8","37.6","39.4","33.6","33.2","26.4"
"所定外労働時間（総数）（前年比）","P医療，福祉","５人以上","2008.0","-10.3","17.7","17.9","4.8","-14.7","-7.8","-5.8","-15.8","-18.0","-25.7","-28.2","-19.8","-25.9"
"所定外労働時間（総数）（前年比）","P医療，福祉","５人以上","2009.0","7.4","-36.3","-48.7","-42.4","-27.1","-17.9","24.9","35.0","50.1","28.7","26.5","130.3","46.6"
"所定外労働時間（総数）（前年比）","P医療，福祉","５人以上","2010.0","16.6","73.9","74.4","78.5","60.9","73.1","-9.9","-21.8","-17.9","26.0","25.3","-43.1","31.6"
"所定外労働時間（総数）（前年比）","P医療，福祉","５人以上","2011.0","5.8","-2.9","6.7","-14.9","-2.5","-7.1","-0.5","48.7","28.0","-0.1","22.5","22.1","-9.6"
"所定外労働時間（総数）（前年比）","P医療，福祉","５人以上","2012.0","10.6","42.0","27.0","32.7","20.4","10.5","24.9","-12.1","3.6","6.0","-12.1","-4.6","4.9"
"所定外労働時間（総数）","Q複合サービス事業","５人以上","2006.0","88.5","83.6","60.2","70.4","63.1","76.3","77.8","71.9","70.4","82.2","91.1","91.1","223.3"
"所定外労働時間（総数）","Q複合サービス事業","５人以上","2007.0","140.0","128.1","94.4","124.4","132.2","122.5","128.0","167.3","107.8","205.6","116.0","110.2","243.1"
"所定外労働時間（総数）","Q複合サービス事業","５人以上","2008.0","95.0","132.2","82.6","102.5","88.1","97.7","76.7","100.9","70.6","80.2","54.2","73.4","180.7"
"所定外労働時間（総数）","Q複合サービス事業","５人以上","2009.0","80.6","72.4","68.2","69.6","83.8","77.8","93.5","96.5","90.7","56.6","129.9","66.3","62.3"
"所定外労働時間（総数）","Q複合サービス事業","５人以上","2010.0","100.0","98.1","128.3","134.3","178.9","90.6","90.0","74.5","64.1","109.4","63.2","93.3","75.2"
"所定外労働時間（総数）","Q複合サービス事業","５人以上","2011.0","67.0","68.3","66.3","46.9","63.8","71.0","70.4","65.5","54.3","116.9","52.1","62.0","66.0"
"所定外労働時間（総数）","Q複合サービス事業","５人以上","2012.0","78.9","53.7","70.4","75.9","72.2","75.9","81.5","101.9","85.2","81.5","77.8","75.9","94.4"
"所定外労働時間（総数）（前年比）","Q複合サービス事業","５人以上","2007.0","58.3","53.1","56.8","76.6","109.3","60.4","64.4","132.7","53.0","150.2","27.4","20.9","8.9"
"所定外労働時間（総数）（前年比）","Q複合サービス事業","５人以上","2008.0","-32.2","3.2","-12.5","-17.6","-33.4","-20.2","-40.1","-39.7","-34.5","-61.0","-53.3","-33.4","-25.7"
"所定外労働時間（総数）（前年比）","Q複合サービス事業","５人以上","2009.0","-15.0","-45.2","-17.4","-32.1","-4.9","-20.3","22.0","-4.3","28.4","-29.4","139.6","-9.7","-65.5"
"所定外労働時間（総数）（前年比）","Q複合サービス事業","５人以上","2010.0","24.0","35.5","88.1","92.8","113.5","16.4","-3.8","-22.8","-29.3","93.4","-51.3","40.9","20.6"
"所定外労働時間（総数）（前年比）","Q複合サービス事業","５人以上","2011.0","-33.0","-30.4","-48.4","-65.1","-64.4","-21.6","-21.7","-12.2","-15.3","6.9","-17.6","-33.6","-12.2"
"所定外労働時間（総数）（前年比）","Q複合サービス事業","５人以上","2012.0","17.8","-21.4","6.2","61.8","13.2","6.9","15.8","55.6","56.9","-30.3","49.3","22.4","43.0"
"所定外労働時間（総数）","Rサービス業（他に分類されないもの）","５人以上","2010.0","100.0","110.5","111.6","109.4","98.6","97.5","92.1","93.1","95.3","99.6","93.1","99.6","99.6"
"所定外労働時間（総数）","Rサービス業（他に分類されないもの）","５人以上","2011.0","72.7","81.2","69.3","71.5","68.2","72.6","66.1","69.3","60.6","85.6","76.9","75.8","75.8"
"所定外労働時間（総数）","Rサービス業（他に分類されないもの）","５人以上","2012.0","70.9","60.9","64.1","76.1","75.0","67.4","82.6","77.2","68.5","71.7","67.4","65.2","75.0"
"所定外労働時間（総数）（前年比）","Rサービス業（他に分類されないもの）","５人以上","2010.0","－","－","－","－","－","－","－","－","－","－","－","－","－"
"所定外労働時間（総数）（前年比）","Rサービス業（他に分類されないもの）","５人以上","2011.0","-27.2","-26.5","-37.9","-34.7","-30.8","-25.6","-28.2","-25.6","-36.4","-14.1","-17.4","-23.9","-23.9"
"所定外労働時間（総数）（前年比）","Rサービス業（他に分類されないもの）","５人以上","2012.0","-2.5","-25.0","-7.5","6.4","10.0","-7.2","25.0","11.4","13.0","-16.2","-12.4","-14.0","-1.1"
